{
  "generated_at_utc": "2026-07-18T10:19:16.209828+00:00",
  "model_version": "5d82202",
  "n_sims": 10000,
  "training_rows": 32440,
  "metrics": {
    "test_logloss": 0.8583523035049438,
    "test_brier": 0.504343569278717,
    "test_accuracy": 0.6030564263322884,
    "n_test": 2552,
    "n_dev": 29746,
    "base_rate_logloss": 1.053927054261902,
    "elo_only_logloss": 0.867370595158835,
    "beats_elo_only": true,
    "beats_base_rate": true
  }
}