{
  "generated_at_utc": "2026-06-28T11:08:44.723896+00:00",
  "model_version": "1409a91",
  "n_sims": 10000,
  "training_rows": 32387,
  "metrics": {
    "test_logloss": 0.8585188984870911,
    "test_brier": 0.5045392513275146,
    "test_accuracy": 0.6004718836020448,
    "n_test": 2543,
    "n_dev": 29743,
    "base_rate_logloss": 1.05372807016407,
    "elo_only_logloss": 0.867554286827127,
    "beats_elo_only": true,
    "beats_base_rate": true
  }
}