{
  "generated_at_utc": "2026-06-23T16:01:10.721093+00:00",
  "model_version": "f32780d",
  "n_sims": 10000,
  "training_rows": 32347,
  "metrics": {
    "test_logloss": 0.8587510585784912,
    "test_brier": 0.5047627091407776,
    "test_accuracy": 0.6024380652772316,
    "n_test": 2543,
    "n_dev": 29743,
    "base_rate_logloss": 1.05372807016407,
    "elo_only_logloss": 0.8675812593812265,
    "beats_elo_only": true,
    "beats_base_rate": true
  }
}