{
  "generated_at_utc": "2026-06-17T12:53:09.594669+00:00",
  "model_version": "e4800f0",
  "n_sims": 10000,
  "training_rows": 32314,
  "metrics": {
    "test_logloss": 0.8592905402183533,
    "test_brier": 0.5049365758895874,
    "test_accuracy": 0.6020448289421942,
    "n_test": 2543,
    "n_dev": 29743,
    "base_rate_logloss": 1.05372807016407,
    "elo_only_logloss": 0.8675806267494235,
    "beats_elo_only": true,
    "beats_base_rate": true
  }
}