{
  "generated_at_utc": "2026-07-07T11:51:44.620524+00:00",
  "model_version": "4dfb129",
  "n_sims": 10000,
  "training_rows": 32418,
  "metrics": {
    "test_logloss": 0.8591132760047913,
    "test_brier": 0.5049318671226501,
    "test_accuracy": 0.6012583562721195,
    "n_test": 2543,
    "n_dev": 29743,
    "base_rate_logloss": 1.05372807016407,
    "elo_only_logloss": 0.8675584217987646,
    "beats_elo_only": true,
    "beats_base_rate": true
  }
}