{
  "generated_at_utc": "2026-07-12T10:29:16.865238+00:00",
  "model_version": "524c680",
  "n_sims": 10000,
  "training_rows": 32425,
  "metrics": {
    "test_logloss": 0.8584651350975037,
    "test_brier": 0.5044674277305603,
    "test_accuracy": 0.6020448289421942,
    "n_test": 2543,
    "n_dev": 29743,
    "base_rate_logloss": 1.05372807016407,
    "elo_only_logloss": 0.867558571139884,
    "beats_elo_only": true,
    "beats_base_rate": true
  }
}