{
  "generated_at_utc": "2026-06-14T09:10:16.478742+00:00",
  "model_version": "af55933",
  "n_sims": 10000,
  "training_rows": 32296,
  "metrics": {
    "test_logloss": 0.8581563234329224,
    "test_brier": 0.5043526887893677,
    "test_accuracy": 0.601651592607157,
    "n_test": 2543,
    "n_dev": 29743,
    "base_rate_logloss": 1.05372807016407,
    "elo_only_logloss": 0.8675813253398974,
    "beats_elo_only": true,
    "beats_base_rate": true
  }
}