{
  "generated_at_utc": "2026-07-10T11:52:58.367417+00:00",
  "model_version": "1f73fbb",
  "n_sims": 10000,
  "training_rows": 32422,
  "metrics": {
    "test_logloss": 0.8589827418327332,
    "test_brier": 0.5048573017120361,
    "test_accuracy": 0.6012583562721195,
    "n_test": 2543,
    "n_dev": 29743,
    "base_rate_logloss": 1.05372807016407,
    "elo_only_logloss": 0.8675584221732718,
    "beats_elo_only": true,
    "beats_base_rate": true
  }
}