{
  "generated_at_utc": "2026-07-23T11:10:57.807222+00:00",
  "model_version": "ccf5bf8",
  "n_sims": 10000,
  "training_rows": 32442,
  "metrics": {
    "test_logloss": 0.858597993850708,
    "test_brier": 0.5043723583221436,
    "test_accuracy": 0.6022727272727273,
    "n_test": 2552,
    "n_dev": 29746,
    "base_rate_logloss": 1.053927054261902,
    "elo_only_logloss": 0.8673708414559008,
    "beats_elo_only": true,
    "beats_base_rate": true
  }
}