{
  "n_estimators": 536,
  "max_depth": 3,
  "learning_rate": 0.01619504174033111,
  "subsample": 0.7469130865069349,
  "colsample_bytree": 0.7646229902671162,
  "min_child_weight": 2,
  "reg_alpha": 0.13335613127310297,
  "reg_lambda": 0.7233720091951461,
  "gamma": 0.3621057916594872
}